Components,Product,Product type,
Wall,Glass partition Wall,Lindner Life Stereo 125,
Wall,Glass partition Wall,Lindner Life Contour 126 ,
Wall,Glass partition Wall,Lindner Life Freeze 137,
Wall,Glass partition Wall,Multiclean LVT 437,
Wall,Glass partition Wall,Multiclean CLVT 437,
Wall,Glass partition Wall,Multiclean CPH 448,
Wall,Wooden partition wall,Logic 100 Timber 49dB 82mm substructure,
Wall,Wooden partition wall,Logic 100 Timber 52dB 82mm substructure,
Wall,Wooden partition wall,Logic 100 Timber 53dB 82mm substructure,
Wall,Wooden partition wall,Logic 100 Timber 55dB 82mm substructure,
Wall,Wooden partition wall,Logic 100 Timber F30-EI30 82mm substructure,
Wall,Wooden partition wall,Logic 100 Timber EI60 82mm substructure,
Floor Panels,Ligna,Ligna B 28 Wood-based panels for raised floor,
Floor Panels,Ligna,Ligna B 28 ST Wood-based panels for raised floor,
Floor Panels,Ligna,Ligna B 28 ST ST Wood-based panels for raised floor,
Floor Panels,Ligna,Ligna B 30 Wood-based panels for raised floor,
Floor Panels,Ligna,Ligna B 30 ST Wood-based panels for raised floor,
Floor Panels,Ligna,Ligna B 30 ST ST Wood-based panels for raised floor,
Floor Panels,Ligna,Ligna K1 38 Wood-based panels for raised floor,
Floor Panels,Ligna,Ligna K1 38 ST Wood-based panels for raised floor,
Floor Panels,Ligna,Ligna K1 38 ST ST Wood-based panels for raised floor,
Floor Panels,Ligna,Ligna L 38 Wood-based panels for raised floor,
Floor Panels,Ligna,Ligna L 38 ST Wood-based panels for raised floor,
Floor Panels,Ligna,Ligna L 38 ST ST Wood-based panels for raised floor,
Floor Panels,Ligna,Ligna S 38 Wood-based panels for raised floor,
Floor Panels,Ligna,Ligna S 38 ST Wood-based panels for raised floor,
Floor Panels,Ligna,Ligna S 38 ST ST Wood-based panels for raised floor,
Floor Panels,Ligna,Ligna M 38 Wood-based panels for raised floor,
Floor Panels,Ligna,Ligna M 38 ST Wood-based panels for raised floor,
Floor Panels,Ligna,Ligna M 38 ST ST Wood-based panels for raised floor,
Floor Panels,Ligna,Provisorium 38 Wood-based panels for raised floor,
Floor Panels,Floor and more,FLOOR and more® G30,
Floor Panels,Floor and more,FLOOR and more® G30 Vario,
Floor Panels,Floor and more,FLOOR and more® G34,
Floor Panels,Floor and more,FLOOR and more® G34 Vario,
Floor Panels,Floor and more,FLOOR and more® Sofo. o.OBlg.,
Floor Panels,Floor and more,FLOOR and more® G40,
Floor Panels,Floor and more,FLOOR and more® G40 Vario,
Floor Panels,Floor and more,FLOOR and more® G40 (FST AT),
Floor Panels,Loop,LOOP prime R32,
Floor Panels,Loop,LOOP aurum R32,
Floor Panels,Loop,LOOP prime R33,
Floor Panels,Loop,LOOP aurum R33,
Floor Panels,Loop,LOOP prime R34,
Floor Panels,Loop,LOOP aurum R34,
Floor Panels,Loop,LOOP prime R35,
Floor Panels,Loop,LOOP aurum R35,
Floor Panels,Loop,LOOP prime R36,
Floor Panels,Loop,LOOP aurum R36,
Floor Panels,Loop,LOOP prime R37,
Floor Panels,Loop,LOOP aurum R37,
Floor Panels,Loop,LOOP prime R38,
Floor Panels,Loop,LOOP aurum R38,
Floor Panels,Loop,LOOP prime R39,
Floor Panels,Loop,LOOP aurum R39,
Floor Panels,Norit,NORIT-TE 20,
Floor Panels,Norit,NORIT-TE 25,
Floor Panels,Norit,NORIT High Deck 18,
Floor Panels,Norit,NORIT Screed board,
Floor Panels,Norit,NORIT Screed board ,
Floor Panels,Norit,NORIT TE 25 ,
Floor Panels,Norit,NORIT  N+F,
Floor Panels,Nortec,NORTEC L28,
Floor Panels,Nortec,NORTEC L30 and  NORTEC aurum L30 and NORTEC L30 AL,
Floor Panels,Nortec,NORTEC L34 & NORTEC AURUM L34,
Floor Panels,Nortec,NORTEC L36 ,
Floor Panels,Nortec,NORTEC L38 & NORTEC L38 LP & NORTEC AURUM L38,
Floor Panels,Nortec,NORTEC L40,
Floor Panels,Nortec,NORTEC L42,
Floor Panels,Nortec,NORTEC L44,
Floor Panels,Nortec,NORTEC L38 ST & NORTEC LP38 ST,
Floor Panels,Nortec,NORTEC G30 ST,
Floor Panels,Nortec,NORTEC G34 ST,
Floor Panels,Nortec,NORTEC G38 ST,
Floor Panels,Nortec,NORTEC U30 ST ST ,
Floor Panels,Nortec,NORTEC U36 ST ,
Floor Panels,Nortec,NORTEC power YP44 ST ,
Ceiling,Grid ceilings ,LMD_B_100,
Ceiling,Grid ceilings ,LMD_B_100,
Ceiling,Grid ceilings ,LMD_B_100,
Ceiling,Grid ceilings ,LMD_B_100,
Ceiling,Grid ceilings ,LMD_B_110,
Ceiling,Grid ceilings ,LMD_B_110,
Ceiling,Grid ceilings ,LMD_B_110,
Ceiling,Grid ceilings ,LMD_B_110,
Ceiling,Ceiling panels ,LMD_DS_312,
Ceiling,Ceiling panels ,LMD_DS_312,
Ceiling,Ceiling panels ,LMD_DS_312,
Ceiling,Ceiling panels ,LMD_DS_312,
Ceiling,Ceiling panels ,LMD_DS_313,
Ceiling,Ceiling panels,LMD_DS_313,
Ceiling,Ceiling panels ,LMD_DS_313,
Ceiling,Ceiling panels ,LMD_DS_313,
Ceiling,Ceiling panels ,LMD_DS_320,
Ceiling,Ceiling panels ,LMD_DS_320,
Ceiling,Ceiling panels ,LMD_DS_320,
Ceiling,Ceiling panels ,LMD_DS_320,
Ceiling,Suspended ceilings ,LMD_E_200_2,
Ceiling,Suspended ceilings ,LMD_E_200_2,
Ceiling,Suspended ceilings ,LMD_E_200_2,
Ceiling,Suspended ceilings ,LMD_E_200_2,
Ceiling,Suspended ceilings ,LMD_E_210_1,
Ceiling,Suspended ceilings,LMD_E_210_1,
Ceiling,Suspended ceilings,LMD_E_210_1,
Ceiling,Suspended ceilings,LMD_E_210_1,
Ceiling,Suspended ceilings,LMD_E_213_1,
Ceiling,Suspended ceilings,LMD_E_213_1,
Ceiling,Suspended ceilings,LMD_E_213_1,
Ceiling,Suspended ceilings,LMD_E_213_1,
Ceiling,Suspended ceilings,LMD_E_213_BWS,
Ceiling,Suspended ceilings,LMD_E_213_BWS,
Ceiling,Suspended ceilings,LMD_E_213_BWS,
Ceiling,Suspended ceilings,LMD_E_213_BWS,
Ceiling,Suspended ceilings,LMD_E_213_WL,
Ceiling,Suspended ceilings,LMD_E_213_WL,
Ceiling,Suspended ceilings,LMD_E_213_WL,
Ceiling,Suspended ceilings,LMD_E_213_WL,
Ceiling,Suspended ceilings,LMD_E_214_1,
Ceiling,Suspended ceilings,LMD_E_214_1,
Ceiling,Suspended ceilings,LMD_E_214_1,
Ceiling,Suspended ceilings,LMD_E_214_1,
Ceiling,Suspended ceilings,LMD_E_300_1,
Ceiling,Suspended ceilings,LMD_E_300_1,
Ceiling,Suspended ceilings,LMD_E_300_1,
Ceiling,Suspended ceilings,LMD_E_300_1,
Ceiling,Suspended ceilings,LMD_E_312,
Ceiling,Suspended ceilings,LMD_E_312,
Ceiling,Suspended ceilings,LMD_E_312,
Ceiling,Suspended ceilings,LMD_E_312,
Ceiling,Suspended ceilings,LMD_E_321_1,
Ceiling,Suspended ceilings,LMD_E_321_1,
Ceiling,Suspended ceilings,LMD_E_321_1,
Ceiling,Suspended ceilings,LMD_E_321_1,
Ceiling,Suspended ceilings,LMD_E_340_1,
Ceiling,Suspended ceilings,LMD_E_340_1,
Ceiling,Suspended ceilings,LMD_E_340_1,
Ceiling,Suspended ceilings,LMD_E_340_1,
Ceiling,cassette ceilings,LMD_K_400,
Ceiling,cassette ceilings,LMD_K_403,
Ceiling,cassette ceilings,LMD_K_420,
Ceiling,cassette ceilings,LMD_K_420,
Ceiling,Expanded metal ceilings,LMD_St_213,
Ceiling,Expanded metal ceilings,LMD_St_213,
Ceiling,Expanded metal ceilings,LMD_St_213,
Ceiling,Expanded metal ceilings,LMD_St_213,
Ceiling,Expanded metal ceilings,LMD_St_213,
Ceiling,Expanded metal ceilings,LMD_St_213,
Ceiling,Expanded metal ceilings,LMD_St_213,
Ceiling,Expanded metal ceilings,LMD_St_213,
Ceiling,Expanded metal ceilings,LMD_St_213,
Ceiling,Expanded metal ceilings,LMD_St_213,
Ceiling,Expanded metal ceilings,LMD_St_213,
Ceiling,Expanded metal ceilings,LMD_St_213,
Ceiling,Expanded metal ceilings,LMD_St_213_BWS,
Ceiling,Expanded metal ceilings,LMD_St_213_BWS,
Ceiling,Expanded metal ceilings,LMD_St_213_BWS,
Ceiling,Expanded metal ceilings,LMD_St_213_BWS,
Ceiling,Expanded metal ceilings,LMD_St_214,
Ceiling,Expanded metal ceilings,LMD_St_214,
Ceiling,Expanded metal ceilings,LMD_St_214,
Ceiling,Expanded metal ceilings,LMD_St_214,
Ceiling,Expanded metal ceilings,LMD_St_214,
Ceiling,Expanded metal ceilings,LMD_St_214,
Ceiling,Expanded metal ceilings,LMD_St_214,
Ceiling,Expanded metal ceilings,LMD_St_214,
Ceiling,Expanded metal ceilings,LMD_St_214,
Ceiling,Expanded metal ceilings,LMD_St_214,
Ceiling,Expanded metal ceilings,LMD_St_214,
Ceiling,Expanded metal ceilings,LMD_St_214,
Ceiling,Expanded metal ceilings,LMD_St_312,
Ceiling,Expanded metal ceilings,LMD_St_312,
Ceiling,Expanded metal ceilings,LMD_St_312,
Ceiling,Expanded metal ceilings,LMD_St_312,
Ceiling,Expanded metal ceilings,LMD_St_312,
Ceiling,Expanded metal ceilings,LMD_St_312,
Ceiling,Expanded metal ceilings,LMD_St_312,
Ceiling,Expanded metal ceilings,LMD_St_312,
Ceiling,Expanded metal ceilings,LMD_St_312,
Ceiling,Expanded metal ceilings,LMD_St_312,
Ceiling,Expanded metal ceilings,LMD_St_312,
Ceiling,Expanded metal ceilings,LMD_St_312,
Ceiling,Expanded metal ceilings,LMD_St_700_BWS,
Ceiling,Expanded metal ceilings,LMD_St_700_BWS,
Ceiling,lamella ceilings,LMD_L_601,
Ceiling,lamella ceilings,LMD_L_601,
Ceiling,lamella ceilings,LMD_L_601,
Ceiling,lamella ceilings,LMD_L_601,
Ceiling,lamella ceilings,LMD_L_601,
Ceiling,lamella ceilings,LMD_L_601,
Ceiling,lamella ceilings,LMD_L_601,
Ceiling,lamella ceilings,LMD_L_601,
Ceiling,lamella ceilings,LMD_L_601,
Ceiling,lamella ceilings,LMD_L_601,
Ceiling,lamella ceilings,LMD_L_601,
Ceiling,lamella ceilings,LMD_L_601,
Ceiling,lamella ceilings,LMD_L_601,
Ceiling,lamella ceilings,LMD_L_601,
Ceiling,lamella ceilings,LMD_L_601,
Ceiling,lamella ceilings,LMD_L_601,
Ceiling,lamella ceilings,LMD_L_601,
Ceiling,lamella ceilings,LMD_L_601,
Ceiling,lamella ceilings,LMD_L_601,
Ceiling,lamella ceilings,LMD_L_601,
Ceiling,lamella ceilings,LMD_L_607,
Ceiling,lamella ceilings,LMD_L_607,
Ceiling,lamella ceilings,LMD_L_607,
Ceiling,lamella ceilings,LMD_L_607,
Ceiling,lamella ceilings,LMD_L_607,
Ceiling,lamella ceilings,LMD_L_607,
Ceiling,lamella ceilings,LMD_L_607,
Ceiling,lamella ceilings,LMD_L_607,
Ceiling,lamella ceilings,LMD_L_607,
Ceiling,lamella ceilings,LMD_L_607,
Ceiling,lamella ceilings,LMD_L_607,
Ceiling,lamella ceilings,LMD_L_607,
Ceiling,lamella ceilings,LMD_L_607,
Ceiling,lamella ceilings,LMD_L_607,
Ceiling,lamella ceilings,LMD_L_607,
Ceiling,lamella ceilings,LMD_L_607,
Ceiling,lamella ceilings,LMD_L_607,
Ceiling,lamella ceilings,LMD_L_607,
Ceiling,lamella ceilings,LMD_L_607,
Ceiling,lamella ceilings,LMD_L_607,
Ceiling,lamella ceilings,LMD_L_608,
Ceiling,lamella ceilings,LMD_L_608,
Ceiling,lamella ceilings,LMD_L_608,
Ceiling,lamella ceilings,LMD_L_608,
Ceiling,lamella ceilings,LMD_L_608,
Ceiling,lamella ceilings,LMD_L_608,
Ceiling,lamella ceilings,LMD_L_608,
Ceiling,lamella ceilings,LMD_L_608,
Ceiling,lamella ceilings,LMD_L_608,
Ceiling,lamella ceilings,LMD_L_608,
Ceiling,lamella ceilings,LMD_L_608,
Ceiling,lamella ceilings,LMD_L_608,
Ceiling,lamella ceilings,LMD_L_608,
Ceiling,lamella ceilings,LMD_L_608,
Ceiling,lamella ceilings,LMD_L_608,
Ceiling,lamella ceilings,LMD_L_608,
Ceiling,lamella ceilings,LMD_L_608,
Ceiling,lamella ceilings,LMD_L_608,
Ceiling,lamella ceilings,LMD_L_608,
Ceiling,lamella ceilings,LMD_L_608,
Ceiling,Torsion Spring,LMD_TS_100,
Ceiling,Torsion Spring,LMD_TS_100,
Ceiling,Torsion Spring,LMD_TS_100,
Ceiling,Clean room post cap ceilings,LINE_80S_typ_2,
Ceiling,Clean room post cap ceilings,LINE_100S_typ_2,
Ceiling,Clean room post cap ceilings,LINE_100S_typ_3,
Ceiling,Clean room post cap ceilings,CLIP_K3,
Ceiling,Clean room post cap ceilings,CLIP_SK,
Door,Glass door 1 lfg, GTB 10 ,
Door,Glass door 1 lfg, GTB 13 ,
Door,Glass door 1 lfg, GTB 56 ,
Door,Glass door 1 lfg, GTB 100 ,
Door,Glass door 2 lfg, GTB 10 ,
Door,Glass door 2 lfg, GTB 13 ,
Door,Glass door 2 lfg, GTB 56 ,
Door,Glass door 2 lfg, GTB 100 ,
Door,Aluminium door 1 lfg,ATB 42,
Door,Aluminium door 1 lfg,ATB 68,
Door,Aluminium door 1 lfg,ATB 100,
Door,Aluminium door 2 lfg,ATB 42,
Door,Aluminium door 2 lfg,ATB 68,
Door,Aluminium door 2 lfg,ATB 100,
Lights,Zumtobel LED light strip,LINARIA LED3700-840 L1508 PM LDE WH,
Pedestals,M1,M1 15 mm,
Pedestals,M1,M1 20 mm,
Pedestals,M1,M1 30 mm,
Pedestals,M1,M1 35 mm,
Pedestals,M1,M1 50 mm,
Pedestals,M2,M2 60 mm,
Pedestals,M2,M2 70 mm,
Pedestals,M2,M2 80 mm,
Pedestals,M2,M2 100 mm,
Pedestals,M2,M2 110 mm,
Pedestals,M2,M2 120 mm,
Pedestals,M2,M2 130 mm,
Pedestals,M2,M2 150 mm,
Pedestals,M2,M2 170 mm,
Pedestals,M2,M2 190 mm,
Pedestals,M2,M2 210 mm,
Pedestals,M2,M2 230 mm,
Pedestals,M2,M2 250 mm,
Pedestals,M2,M2 270 mm,
Pedestals,M2,M2 290 mm,
Pedestals,M2,M2 310 mm,
Pedestals,M2,M2 330 mm,
Pedestals,M2,M2 350 mm,
Pedestals,M2,M2 370 mm,
Pedestals,M2,M2 390 mm,
Pedestals,M2,M2 410 mm,
Pedestals,M2,M2 430 mm,
Pedestals,M2,M2 450 mm,
Pedestals,M2,M2 470 mm,
Pedestals,M2,M2 490 mm,
Pedestals,M3,M3 60 mm,
Pedestals,M3,M3 70 mm,
Pedestals,M3,M3 80 mm,
Pedestals,M3,M3 100 mm,
Pedestals,M3,M3 110 mm,
Pedestals,M3,M3 120 mm,
Pedestals,M3,M3 130 mm,
Pedestals,M3,M3 150 mm,
Pedestals,M3,M3 170 mm,
Pedestals,M3,M3 190 mm,
Pedestals,M3,M3 210 mm,
Pedestals,M3,M3 230 mm,
Pedestals,M3,M3 250 mm,
Pedestals,M3,M3 270 mm,
Pedestals,M3,M3 290 mm,
Pedestals,M3,M3 310 mm,
Pedestals,M3,M3 330 mm,
Pedestals,M3,M3 350 mm,
Pedestals,M3,M3 370 mm,
Pedestals,M3,M3 390 mm,
Pedestals,M3,M3 410 mm,
Pedestals,M3,M3 430 mm,
Pedestals,M3,M3 450 mm,
Pedestals,M3,M3 470 mm,
Pedestals,M3,M3 490 mm,
Pedestals,M4,M4 450 mm,
Pedestals,M4,M4 500 mm,
Pedestals,H1,H1 15 mm,
Pedestals,H1,H1 20 mm,
Pedestals,H1,H1 30 mm,
Pedestals,H1,H1 35 mm,
Pedestals,H1,H1 50 mm,
Pedestals,H2,H2 60 mm,
Pedestals,H2,H2 70 mm,
Pedestals,H2,H2 80 mm,
Pedestals,H2,H2 100 mm,
Pedestals,H2,H2 110 mm,
Pedestals,H2,H2 120 mm,
Pedestals,H2,H2 130 mm,
Pedestals,H2,H2 140 mm,
Pedestals,H2,H2 150 mm,
Pedestals,H2,H2 160 mm,
Pedestals,H2,H2 200 mm,
Pedestals,H2,H2 250 mm,
Pedestals,H2,H2 300 mm,
Pedestals,H2,H2 350 mm,
Pedestals,H2,H2 400 mm,
Pedestals,H2,H2 450 mm,
Pedestals,H3,H3 500 mm,
Pedestals,H4,H4 500 mm,
Pedestals,L1,L1 A,
Pedestals,L1,L1 B,
Pedestals,L1,L1 BC,
Pedestals,L1,L1 C,
Pedestals,L1,L1 D,
Pedestals,L1,L1 E,
Pedestals,L1,L1 F,
Pedestals,L2,L2 230 mm,
Pedestals,L2,L2 250 mm,
Pedestals,L2,L2 270 mm,
Pedestals,L2,L2 290 mm,
Pedestals,L2,L2 310 mm,
Pedestals,L2,L2 330 mm,
Pedestals,L2,L2 350 mm,
Pedestals,L2,L2 370 mm,
Pedestals,L2,L2 390 mm,
Pedestals,L2,L2 410 mm,
Pedestals,L2,L2 430 mm,
Pedestals,L2,L2 450 mm,
Pedestals,L3,L3 500 mm,
